;1_HealthyKeratinocytes;2_HealthyKeratinocytes;3_HealthyKeratinocytes;4_HealthyKeratinocytes;5_HealthyKeratinocytes;6_HealthyKeratinocytes;7_MerkelCarcinoma;8_MerkelCarcinoma;9_MerkelCarcinoma;10_MerkelCarcinoma;11_MerkelCarcinoma;12_HealthyKeratinocytes;13_HealthyKeratinocytes;14_HealthyKeratinocytes;15_HealthyKeratinocytes;16_HealthyKeratinocytes;17_HealthyKeratinocytes;18_MerkelCarcinoma;19_MerkelCarcinoma;20_MerkelCarcinoma;21_MerkelCarcinoma;22_MerkelCarcinoma;23_MerkelCarcinoma;24_MerkelCarcinoma;;
A;0;0;0;0;0;0;0;0;0;0;0;0;0;0;0;0;0;0;0;0;0;0;0;0;;
B;0;2;2;2;2;1;1;1;1;1;1;1;1;1;1;1;1;1;1;2;2;2;2;0;;
C;0;2;2;2;2;1;1;1;1;1;1;1;1;1;1;1;1;1;1;2;2;2;2;0;;
D;0;2;2;2;2;1;1;1;1;1;1;1;1;1;1;1;1;1;1;2;2;2;2;0;;
E;0;2;2;2;2;1;1;1;1;1;1;1;1;1;1;1;1;1;1;2;2;2;2;0;;
F;0;5;5;5;5;1;1;1;1;1;1;1;1;1;1;1;1;1;1;5;5;5;5;0;;
G;0;5;5;5;5;1;1;1;1;1;1;1;1;1;1;1;1;1;1;5;5;5;5;0;;
H;0;5;5;5;5;1;1;1;1;1;1;1;1;1;1;1;1;1;1;5;5;5;5;0;;
I;0;5;5;5;5;1;1;1;1;1;1;1;1;1;1;1;1;1;1;5;5;5;5;0;;
J;0;10;10;10;10;1;1;1;1;1;1;1;1;1;1;1;1;1;1;10;10;10;10;0;;
K;0;10;10;10;10;1;1;1;1;1;1;1;1;1;1;1;1;1;1;10;10;10;10;0;;
L;0;10;10;10;10;1;1;1;1;1;1;1;1;1;1;1;1;1;1;10;10;10;10;0;;
M;0;10;10;10;10;1;1;1;1;1;1;1;1;1;1;1;1;1;1;10;10;10;10;0;;
N;0;1;1;1;1;1;1;1;1;1;1;1;1;1;1;1;1;1;1;1;1;1;1;0;;
O;0;1;1;1;1;1;1;1;1;1;1;1;1;1;1;1;1;1;1;1;1;1;1;0;;
P;0;0;0;0;0;0;0;0;0;0;0;0;0;0;0;0;0;0;0;0;0;0;0;0;;
