[Header],,;;;
;;;
FileFormatVersion,2,;;;
;;;
RunName,GEI spatial 5mC 4 plates,;;;
;;;
InstrumentPlatform,NovaSeq,;;;
;;;
IndexOrientation,Forward,;;;
;;;
,,;;;
;;;
[Reads],,;;;
;;;
Read1Cycles,151,;;;
;;;
Read2Cycles,151,;;;
;;;
IndexCycles,10,;;;
;;;
Index2Cyces,10,;;;
;;;
,,;;;
;;;
[BCLConvert_Settings],,;;;
;;;
TrimUMI,1,;;;
;;;
AdapterRead1,CTGTCTCTTATACACATCT+AGATCGGAAGAGCACACGTCTGAACTCCAGTCA,;;;
;;;
AdapterRead2,CTGTCTCTTATACACATCT+AGATCGGAAGAGCGTCGTGTAGGGAAAGAGTGT,;;;
;;;
OverrideCycles,U8N1Y142;I10;I10;N1Y150,
;;;
FastqCompressionFormat,gzip,;;;
;;;
CreateFastqForIndexReads,0,;;;
;;;
BarcodeMismatchesIndex1,1,;;;
;;;
MinimumTrimmedReadLength,30,;;;
;;;
NoLaneSplitting,TRUE,;;;
;;;
,,;;;
;;;
[BCLConvert_Data],,;;;
;;;
Sample_ID,Index,Index2;;;
;;;
spatial5mC-merkel-pl3,GAGGAGTATG,ACCGGCGAAT;;;
;;;
spatial5mC-merkel-pl4,CCATATACGA,AGACAGTGGC;;;
