well;cell;barcode;in_96
A01;1;ACGATCAG;WAHR
A02;2;TGATAGGC;WAHR
A03;3;TCGAGAGT;WAHR
A04;4;CATCCAAG;WAHR
A05;5;CTAGCTCA;WAHR
A06;6;GTGAGACT;WAHR
A07;7;ATCGTCTC;WAHR
A08;8;CTGATGAG;WAHR
A09;9;TCGACAAG;WAHR
A10;10;ACGGTACA;WAHR
A11;11;CCTTGGAA;WAHR
A12;12;CTCGACTT;WAHR
A13;13;ATCATGCG;FALSCH
A14;14;ACAACGTG;FALSCH
A15;15;TGTTCCGT;FALSCH
A16;16;TGCTGTGA;FALSCH
A17;17;ATTAGCCG;FALSCH
A18;18;CCAAGTAG;FALSCH
A19;19;CGATCGAT;FALSCH
A20;20;AACTGAGG;FALSCH
A21;21;GATCTTGC;FALSCH
A22;22;AGGTAGGA;FALSCH
A23;23;AGGATAGC;FALSCH
A24;24;TTCGCCAT;FALSCH
B01;25;GAACGAAG;WAHR
B02;26;AGGCAATG;WAHR
B03;27;ACCTAGAC;WAHR
B04;28;TCACCTAG;WAHR
B05;29;TACGACGT;WAHR
B06;30;CATACGGA;WAHR
B07;31;TTGAGCTC;WAHR
B08;32;GTCATCGT;WAHR
B09;33;AGTACACG;WAHR
B10;34;TTACCGAC;WAHR
B11;35;TGTCAGTG;WAHR
B12;36;ACCTTCGA;WAHR
B13;37;GACTACGA;FALSCH
B14;38;ACGCTTCT;FALSCH
B15;39;TTACGTGC;FALSCH
B16;40;GAGTAGAG;FALSCH
B17;41;ACTGCTTG;FALSCH
B18;42;ATGCCTAG;FALSCH
B19;43;GCCTATGT;FALSCH
B20;44;CAACTCCA;FALSCH
B21;45;GTACCACA;FALSCH
B22;46;AAGTCCTC;FALSCH
B23;47;TAGTGGTG;FALSCH
B24;48;GTCGATTG;FALSCH
C01;49;GTAGCGTA;WAHR
C02;50;CAGGTAAG;WAHR
C03;51;AGAGTCCA;WAHR
C04;52;GTATCGAG;WAHR
C05;53;GCTACTCT;WAHR
C06;54;TTCACGGA;WAHR
C07;55;CTCTGGAT;WAHR
C08;56;GAGCTCTA;WAHR
C09;57;AGATCGTC;WAHR
C10;58;GTCAGTCA;WAHR
C11;59;GCTCAGTT;WAHR
C12;60;CACGTCTA;WAHR
C13;61;GTCCTAAG;FALSCH
C14;62;AATTCCGG;FALSCH
C15;63;TATGGCAC;FALSCH
C16;64;TCTAGGAG;FALSCH
C17;65;TCGGATTC;FALSCH
C18;66;ATCCGTTG;FALSCH
C19;67;AACAGCGA;FALSCH
C20;68;GATAGCCA;FALSCH
C21;69;CCAACGAA;FALSCH
C22;70;TATGACCG;FALSCH
C23;71;CAGTGCTT;FALSCH
C24;72;CGATTGGA;FALSCH
D01;73;ATACGCAG;WAHR
D02;74;GCGTTAGA;WAHR
D03;75;AAGACCGT;WAHR
D04;76;TTGCGAGA;WAHR
D05;77;CTCCAATC;WAHR
D06;78;ACACCGAT;WAHR
D07;79;TCTGGACA;WAHR
D08;80;CGTATCTC;WAHR
D09;81;AACACTGG;WAHR
D10;82;AAGGAGAC;WAHR
D11;83;TTGGTGCA;WAHR
D12;84;TGTCGACT;WAHR
D13;85;CCTGTCAA;FALSCH
D14;86;TCAATCCG;FALSCH
D15;87;CTATGCCT;FALSCH
D16;88;GACTTGTG;FALSCH
D17;89;TTCGGCTA;FALSCH
D18;90;CCGATGTA;FALSCH
D19;91;ACCGACAA;FALSCH
D20;92;TAGGAGCT;FALSCH
D21;93;CGTAGATG;FALSCH
D22;94;CAACGAGT;FALSCH
D23;95;CTGTATGC;FALSCH
D24;96;TGTGTCAG;FALSCH
E01;97;GATCAAGG;WAHR
E02;98;ACAAGCTC;WAHR
E03;99;TCTTCGAC;WAHR
E04;100;GAACCTTC;WAHR
E05;101;ATCGTGGT;WAHR
E06;102;AGCGAGAT;WAHR
E07;103;CGGTAATC;WAHR
E08;104;CCGTAACT;WAHR
E09;105;AGTTGTGC;WAHR
E10;106;TCAGACAC;WAHR
E11;107;AATGACGC;WAHR
E12;108;CGAAGTCA;FALSCH
E13;109;TACCGGAT;FALSCH
E14;110;GTGATCCA;FALSCH
E15;111;TTGCAACG;FALSCH
E16;112;ACTGGTGT;FALSCH
E17;113;CACTTCAC;FALSCH
E18;114;CTAACCTG;FALSCH
E19;115;TAGCCATG;FALSCH
E20;116;AGCCAACT;FALSCH
E21;117;ACAGGCAT;FALSCH
E22;118;CCAGTTGA;FALSCH
E23;119;AGGTGTTG;FALSCH
E24;120;AAGTGCAG;WAHR
F01;121;GTTGCTGT;WAHR
F02;122;CTAGGTTG;WAHR
F03;123;AGAACCAG;WAHR
F04;124;GTGTCCTT;WAHR
F05;125;GATGTCGA;WAHR
F06;126;TACCTGCA;WAHR
F07;127;AGGAGGTT;WAHR
F08;128;CCTTAGGT;WAHR
F09;129;AATCGCTG;WAHR
F10;130;CACAGACT;WAHR
F11;131;AGTGACCT;WAHR
F12;132;TCGAACCT;WAHR
F13;133;CGAATTGC;FALSCH
F14;134;GCATAGTC;FALSCH
F15;135;CAAGAAGC;FALSCH
F16;136;CTCCTGAA;FALSCH
F17;137;CACCAGTT;FALSCH
F18;138;AACGCACA;FALSCH
F19;139;GTATTCCG;FALSCH
F20;140;TAGTCTCG;FALSCH
F21;141;TTCGAAGC;FALSCH
F22;142;ACTCTGAG;FALSCH
F23;143;AGACCTTG;FALSCH
F24;144;GTTATGGC;FALSCH
G01;145;CAGTCACA;WAHR
G02;146;AACCGTGT;WAHR
G03;147;TCGATGAC;WAHR
G04;148;CGCGTATT;WAHR
G05;149;GAAGTGCT;WAHR
G06;150;AGTTCGCA;WAHR
G07;151;CTTCCTTC;WAHR
G08;152;TAGTCAGC;WAHR
G09;153;CGAACAAC;WAHR
G10;154;AACACCAC;WAHR
G11;155;AACAACCG;WAHR
G12;156;GTAAGCAC;WAHR
G13;157;ACCTCAGT;FALSCH
G14;158;GTCCTTGA;FALSCH
G15;159;CGTCTTCA;FALSCH
G16;160;CAGGTTCA;FALSCH
G17;161;TGCGTAAC;FALSCH
G18;162;CCAACACT;FALSCH
G19;163;AACACGCT;FALSCH
G20;164;GAGAGTAC;FALSCH
G21;165;ACTCGATC;FALSCH
G22;166;AGATACGG;FALSCH
G23;167;TGAGCTGT;FALSCH
G24;168;GTTCTTCG;FALSCH
H01;169;CCAAGGTT;WAHR
H02;170;CTCGGTAA;WAHR
H03;171;ACGTATGG;WAHR
H04;172;TACAGAGC;WAHR
H05;173;AAGGACCA;WAHR
H06;174;GCATAACG;WAHR
H07;175;TATGCGGT;WAHR
H08;176;GATCAGAC;WAHR
H09;177;AAGGAAGG;WAHR
H10;178;CGCAACTA;WAHR
H11;179;AGCGTGTA;WAHR
H12;180;TCCGATCA;WAHR
H13;181;TCTACGCA;FALSCH
H14;182;CAACTTGG;FALSCH
H15;183;TGGCTCTT;FALSCH
H16;184;TCAGTAGG;FALSCH
H17;185;CCTTCCAT;FALSCH
H18;186;ACAGCAAG;FALSCH
H19;187;ATACTGGC;FALSCH
H20;188;GAATGGCA;FALSCH
H21;189;AACCTACG;FALSCH
H22;190;CGGATCAA;FALSCH
H23;191;CATACTCG;FALSCH
H24;192;ACTGCACT;FALSCH
I01;193;TACTGCTC;FALSCH
I02;194;ATTCCGCT;FALSCH
I03;195;GACGAACT;FALSCH
I04;196;AAGCTCAC;FALSCH
I05;197;CTTCGCAA;FALSCH
I06;198;TGATCACG;FALSCH
I07;199;ATGGCGAT;FALSCH
I08;200;CAATGCGA;FALSCH
I09;201;ACATGCCA;FALSCH
I10;202;ATGCGTCA;FALSCH
I11;203;GTCAACAG;FALSCH
I12;204;TACATCGG;FALSCH
I13;205;GTGGTATG;FALSCH
I14;206;ACTGCGAA;FALSCH
I15;207;CCAACTTC;FALSCH
I16;208;TCTGTCGT;FALSCH
I17;209;GACGTCAT;FALSCH
I18;210;CTCAAGCT;FALSCH
I19;211;ACGTCCAA;FALSCH
I20;212;AACCACTC;FALSCH
I21;213;GATCCACT;FALSCH
I22;214;CTTACAGC;FALSCH
I23;215;AGCCTATC;FALSCH
I24;216;AGTCTTGG;FALSCH
J01;217;TGCACTTG;FALSCH
J02;218;CCTAAGTC;FALSCH
J03;219;TCACTCGA;FALSCH
J04;220;TTCGTACG;FALSCH
J05;221;CACTGTAG;FALSCH
J06;222;TCCTGGTA;FALSCH
J07;223;GTACGATC;FALSCH
J08;224;CATTGACG;FALSCH
J09;225;TGGTGAAG;FALSCH
J10;226;ACCTCTTC;FALSCH
J11;227;TAGCTGAG;FALSCH
J12;228;CATTCGTC;FALSCH
J13;229;AGAGCAGA;FALSCH
J14;230;TTCCTCCT;FALSCH
J15;231;CTTCGGTT;FALSCH
J16;232;GCTGTAAG;FALSCH
J17;233;ACAACAGC;FALSCH
J18;234;GACATCTC;FALSCH
J19;235;AGCCGTAA;FALSCH
J20;236;CAACCGTA;FALSCH
J21;237;CTCTTGTC;FALSCH
J22;238;TGCGATAG;FALSCH
J23;239;CAGATCCT;FALSCH
J24;240;TGGTTCGA;FALSCH
K01;241;AGCTACCA;FALSCH
K02;242;CACGCAAT;FALSCH
K03;243;AGATTGCG;FALSCH
K04;244;AGCTTCAG;FALSCH
K05;245;CACACATC;FALSCH
K06;246;CCTCGTTA;FALSCH
K07;247;GAGCAATC;FALSCH
K08;248;TGAGACGA;FALSCH
K09;249;ATAGAGCG;FALSCH
K10;250;CACAGGAA;FALSCH
K11;251;GACCGATA;FALSCH
K12;252;ACTCAACG;FALSCH
K13;253;CAGACGTT;FALSCH
K14;254;AAGCGACT;FALSCH
K15;255;CTGAACGT;FALSCH
K16;256;CCTACCTA;FALSCH
K17;257;TTGGACTG;FALSCH
K18;258;ATCTCCTG;FALSCH
K19;259;GTCTGCAA;FALSCH
K20;260;TCACGATG;FALSCH
K21;261;CCACATTG;FALSCH
K22;262;CCACAACA;FALSCH
K23;263;GATGGAGT;FALSCH
K24;264;AGGTCTGT;FALSCH
L01;265;GATGCTAC;FALSCH
L02;266;AAGCGTTC;FALSCH
L03;267;AGGAACAC;FALSCH
L04;268;CGATTCTG;FALSCH
L05;269;ACCATCCT;FALSCH
L06;270;GCAACCAT;FALSCH
L07;271;GAACGTGA;FALSCH
L08;272;AATCCAGC;FALSCH
L09;273;TAGAACGC;FALSCH
L10;274;AGTGCATC;FALSCH
L11;275;AACCAGAG;FALSCH
L12;276;GCATTGGT;FALSCH
L13;277;CGACCTAA;FALSCH
L14;278;CTTAGGAC;FALSCH
L15;279;CTCTCAGA;FALSCH
L16;280;ATAGTCGG;FALSCH
L17;281;AGGCTGAA;FALSCH
L18;282;GAGACCAA;FALSCH
L19;283;ATCGGAGA;FALSCH
L20;284;AACAAGGC;FALSCH
L21;285;GATACCTG;FALSCH
L22;286;CCAGTATC;FALSCH
L23;287;TCCTGACT;FALSCH
L24;288;CCTCGAAT;FALSCH
M01;289;AGGTCAAC;FALSCH
M02;290;AGAAGGAC;FALSCH
M03;291;TACACACG;FALSCH
M04;292;GCGTATCA;FALSCH
M05;293;CAAGTCGT;FALSCH
M06;294;CAACACAG;FALSCH
M07;295;AGCTAGTG;FALSCH
M08;296;TCCACGTT;FALSCH
M09;297;CTCCTAGT;FALSCH
M10;298;ATCGCAAC;FALSCH
M11;299;ACTCCTAC;FALSCH
M12;300;ACGTCGTT;FALSCH
M13;301;CAATCAGG;FALSCH
M14;302;CGAATACG;FALSCH
M15;303;TCGTGCAT;FALSCH
M16;304;TGCTTGCT;FALSCH
M17;305;TAACGTCG;FALSCH
M18;306;CTCGAACA;FALSCH
M19;307;AAGGCGTA;FALSCH
M20;308;ACATGGAG;FALSCH
M21;309;TCTTACGG;FALSCH
M22;310;ACAAGACG;FALSCH
M23;311;CGTGTGAT;FALSCH
M24;312;CGCCTTAT;FALSCH
N01;313;TCAGCCTT;FALSCH
N02;314;CAACTGAC;FALSCH
N03;315;AAGCATCG;FALSCH
N04;316;TGCTCTAC;FALSCH
N05;317;GCCAATAC;FALSCH
N06;318;CATCACGT;FALSCH
N07;319;GACACAGT;FALSCH
N08;320;GCCACTTA;FALSCH
N09;321;AAGAGGCA;FALSCH
N10;322;GCTTCACA;FALSCH
N11;323;GAAGACTG;FALSCH
N12;324;ACCGAATG;FALSCH
N13;325;CCGTTATG;FALSCH
N14;326;CTCACCAA;FALSCH
N15;327;CTAGCAGT;FALSCH
N16;328;CAGAACTG;FALSCH
N17;329;GCCAGAAT;FALSCH
N18;330;AGAAGCCT;FALSCH
N19;331;CGAGAGAA;FALSCH
N20;332;CACGATTC;FALSCH
N21;333;AACTCGGA;FALSCH
N22;334;AAGCTGGT;FALSCH
N23;335;ACAGTTCG;FALSCH
N24;336;GCAATGAG;FALSCH
O01;337;AACAGGTG;FALSCH
O02;338;AGCAGACA;FALSCH
O03;339;AGTCGAAG;FALSCH
O04;340;GTTAAGCG;FALSCH
O05;341;TGGAAGCA;FALSCH
O06;342;CATGGATC;FALSCH
O07;343;CTCGTTCT;FALSCH
O08;344;ACAGAGGT;FALSCH
O09;345;ACGAGAAC;FALSCH
O10;346;TAAGTGGC;FALSCH
O11;347;AAGCCTGA;FALSCH
O12;348;AGTCAGGT;FALSCH
O13;349;CTACAAGG;FALSCH
O14;350;GCCTTAAC;FALSCH
O15;351;CGATGTTC;FALSCH
O16;352;GTTGGCAT;FALSCH
O17;353;ACCGGTTA;FALSCH
O18;354;CAACCTCT;FALSCH
O19;355;GAACGGTT;FALSCH
O20;356;TGGATGGT;FALSCH
O21;357;CTGTACCA;FALSCH
O22;358;CTATCCAC;FALSCH
O23;359;GCGCATAT;FALSCH
O24;360;GATCTCAG;FALSCH
P01;361;TGACCGTT;FALSCH
P02;362;CTCTATCG;FALSCH
P03;363;CATCTGCT;FALSCH
P04;364;ACTCTCCA;FALSCH
P05;365;CGCTGATA;FALSCH
P06;366;CAGCATAC;FALSCH
P07;367;TCGTCTGA;FALSCH
P08;368;TACTCCAG;FALSCH
P09;369;CACATGGT;FALSCH
P10;370;GAGGCATT;FALSCH
P11;371;CGAGTTAG;FALSCH
P12;372;ACACCTCA;FALSCH
P13;373;AGCTAAGC;FALSCH
P14;374;CGCAATGT;FALSCH
P15;375;GTTCCATG;FALSCH
P16;376;CCTAGAGA;FALSCH
P17;377;GCATCCTA;FALSCH
P18;378;TACTAGCG;FALSCH
P19;379;CCATGAAC;FALSCH
P20;380;CGTCCATT;FALSCH
P21;381;ATCCACGA;FALSCH
P22;382;TCGCTATC;FALSCH
P23;383;GAGAAGGT;FALSCH
P24;384;AATGGTCG;FALSCH
