WellPosition;Barcode;CellType;CellCount
A01;ACGATCAG;HealthyKeratinocytes;0
A02;TGATAGGC;HealthyKeratinocytes;0
A03;TCGAGAGT;HealthyKeratinocytes;0
A04;CATCCAAG;HealthyKeratinocytes;0
A05;CTAGCTCA;HealthyKeratinocytes;0
A06;GTGAGACT;HealthyKeratinocytes;0
A07;ATCGTCTC;MerkelCarcinoma;0
A08;CTGATGAG;MerkelCarcinoma;0
A09;TCGACAAG;MerkelCarcinoma;0
A10;ACGGTACA;MerkelCarcinoma;0
A11;CCTTGGAA;MerkelCarcinoma;0
A12;CTCGACTT;HealthyKeratinocytes;0
A13;ATCATGCG;HealthyKeratinocytes;0
A14;ACAACGTG;HealthyKeratinocytes;0
A15;TGTTCCGT;HealthyKeratinocytes;0
A16;TGCTGTGA;HealthyKeratinocytes;0
A17;ATTAGCCG;HealthyKeratinocytes;0
A18;CCAAGTAG;MerkelCarcinoma;0
A19;CGATCGAT;MerkelCarcinoma;0
A20;AACTGAGG;MerkelCarcinoma;0
A21;GATCTTGC;MerkelCarcinoma;0
A22;AGGTAGGA;MerkelCarcinoma;0
A23;AGGATAGC;MerkelCarcinoma;0
A24;TTCGCCAT;MerkelCarcinoma;0
B01;GAACGAAG;HealthyKeratinocytes;0
B02;AGGCAATG;HealthyKeratinocytes;2
B03;ACCTAGAC;HealthyKeratinocytes;2
B04;TCACCTAG;HealthyKeratinocytes;2
B05;TACGACGT;HealthyKeratinocytes;2
B06;CATACGGA;HealthyKeratinocytes;1
B07;TTGAGCTC;MerkelCarcinoma;1
B08;GTCATCGT;MerkelCarcinoma;1
B09;AGTACACG;MerkelCarcinoma;1
B10;TTACCGAC;MerkelCarcinoma;1
B11;TGTCAGTG;MerkelCarcinoma;1
B12;ACCTTCGA;HealthyKeratinocytes;1
B13;GACTACGA;HealthyKeratinocytes;1
B14;ACGCTTCT;HealthyKeratinocytes;1
B15;TTACGTGC;HealthyKeratinocytes;1
B16;GAGTAGAG;HealthyKeratinocytes;1
B17;ACTGCTTG;HealthyKeratinocytes;1
B18;ATGCCTAG;MerkelCarcinoma;1
B19;GCCTATGT;MerkelCarcinoma;1
B20;CAACTCCA;MerkelCarcinoma;2
B21;GTACCACA;MerkelCarcinoma;2
B22;AAGTCCTC;MerkelCarcinoma;2
B23;TAGTGGTG;MerkelCarcinoma;2
B24;GTCGATTG;MerkelCarcinoma;0
C01;GTAGCGTA;HealthyKeratinocytes;0
C02;CAGGTAAG;HealthyKeratinocytes;2
C03;AGAGTCCA;HealthyKeratinocytes;2
C04;GTATCGAG;HealthyKeratinocytes;2
C05;GCTACTCT;HealthyKeratinocytes;2
C06;TTCACGGA;HealthyKeratinocytes;1
C07;CTCTGGAT;MerkelCarcinoma;1
C08;GAGCTCTA;MerkelCarcinoma;1
C09;AGATCGTC;MerkelCarcinoma;1
C10;GTCAGTCA;MerkelCarcinoma;1
C11;GCTCAGTT;MerkelCarcinoma;1
C12;CACGTCTA;HealthyKeratinocytes;1
C13;GTCCTAAG;HealthyKeratinocytes;1
C14;AATTCCGG;HealthyKeratinocytes;1
C15;TATGGCAC;HealthyKeratinocytes;1
C16;TCTAGGAG;HealthyKeratinocytes;1
C17;TCGGATTC;HealthyKeratinocytes;1
C18;ATCCGTTG;MerkelCarcinoma;1
C19;AACAGCGA;MerkelCarcinoma;1
C20;GATAGCCA;MerkelCarcinoma;2
C21;CCAACGAA;MerkelCarcinoma;2
C22;TATGACCG;MerkelCarcinoma;2
C23;CAGTGCTT;MerkelCarcinoma;2
C24;CGATTGGA;MerkelCarcinoma;0
D01;ATACGCAG;HealthyKeratinocytes;0
D02;GCGTTAGA;HealthyKeratinocytes;2
D03;AAGACCGT;HealthyKeratinocytes;2
D04;TTGCGAGA;HealthyKeratinocytes;2
D05;CTCCAATC;HealthyKeratinocytes;2
D06;ACACCGAT;HealthyKeratinocytes;1
D07;TCTGGACA;MerkelCarcinoma;1
D08;CGTATCTC;MerkelCarcinoma;1
D09;AACACTGG;MerkelCarcinoma;1
D10;AAGGAGAC;MerkelCarcinoma;1
D11;TTGGTGCA;MerkelCarcinoma;1
D12;TGTCGACT;HealthyKeratinocytes;1
D13;CCTGTCAA;HealthyKeratinocytes;1
D14;TCAATCCG;HealthyKeratinocytes;1
D15;CTATGCCT;HealthyKeratinocytes;1
D16;GACTTGTG;HealthyKeratinocytes;1
D17;TTCGGCTA;HealthyKeratinocytes;1
D18;CCGATGTA;MerkelCarcinoma;1
D19;ACCGACAA;MerkelCarcinoma;1
D20;TAGGAGCT;MerkelCarcinoma;2
D21;CGTAGATG;MerkelCarcinoma;2
D22;CAACGAGT;MerkelCarcinoma;2
D23;CTGTATGC;MerkelCarcinoma;2
D24;TGTGTCAG;MerkelCarcinoma;0
E01;GATCAAGG;HealthyKeratinocytes;0
E02;ACAAGCTC;HealthyKeratinocytes;2
E03;TCTTCGAC;HealthyKeratinocytes;2
E04;GAACCTTC;HealthyKeratinocytes;2
E05;ATCGTGGT;HealthyKeratinocytes;2
E06;AGCGAGAT;HealthyKeratinocytes;1
E07;CGGTAATC;MerkelCarcinoma;1
E08;CCGTAACT;MerkelCarcinoma;1
E09;AGTTGTGC;MerkelCarcinoma;1
E10;TCAGACAC;MerkelCarcinoma;1
E11;AATGACGC;MerkelCarcinoma;1
E12;CGAAGTCA;HealthyKeratinocytes;1
E13;TACCGGAT;HealthyKeratinocytes;1
E14;GTGATCCA;HealthyKeratinocytes;1
E15;TTGCAACG;HealthyKeratinocytes;1
E16;ACTGGTGT;HealthyKeratinocytes;1
E17;CACTTCAC;HealthyKeratinocytes;1
E18;CTAACCTG;MerkelCarcinoma;1
E19;TAGCCATG;MerkelCarcinoma;1
E20;AGCCAACT;MerkelCarcinoma;2
E21;ACAGGCAT;MerkelCarcinoma;2
E22;CCAGTTGA;MerkelCarcinoma;2
E23;AGGTGTTG;MerkelCarcinoma;2
E24;AAGTGCAG;MerkelCarcinoma;0
F01;GTTGCTGT;HealthyKeratinocytes;0
F02;CTAGGTTG;HealthyKeratinocytes;5
F03;AGAACCAG;HealthyKeratinocytes;5
F04;GTGTCCTT;HealthyKeratinocytes;5
F05;GATGTCGA;HealthyKeratinocytes;5
F06;TACCTGCA;HealthyKeratinocytes;1
F07;AGGAGGTT;MerkelCarcinoma;1
F08;CCTTAGGT;MerkelCarcinoma;1
F09;AATCGCTG;MerkelCarcinoma;1
F10;CACAGACT;MerkelCarcinoma;1
F11;AGTGACCT;MerkelCarcinoma;1
F12;TCGAACCT;HealthyKeratinocytes;1
F13;CGAATTGC;HealthyKeratinocytes;1
F14;GCATAGTC;HealthyKeratinocytes;1
F15;CAAGAAGC;HealthyKeratinocytes;1
F16;CTCCTGAA;HealthyKeratinocytes;1
F17;CACCAGTT;HealthyKeratinocytes;1
F18;AACGCACA;MerkelCarcinoma;1
F19;GTATTCCG;MerkelCarcinoma;1
F20;TAGTCTCG;MerkelCarcinoma;5
F21;TTCGAAGC;MerkelCarcinoma;5
F22;ACTCTGAG;MerkelCarcinoma;5
F23;AGACCTTG;MerkelCarcinoma;5
F24;GTTATGGC;MerkelCarcinoma;0
G01;CAGTCACA;HealthyKeratinocytes;0
G02;AACCGTGT;HealthyKeratinocytes;5
G03;TCGATGAC;HealthyKeratinocytes;5
G04;CGCGTATT;HealthyKeratinocytes;5
G05;GAAGTGCT;HealthyKeratinocytes;5
G06;AGTTCGCA;HealthyKeratinocytes;1
G07;CTTCCTTC;MerkelCarcinoma;1
G08;TAGTCAGC;MerkelCarcinoma;1
G09;CGAACAAC;MerkelCarcinoma;1
G10;AACACCAC;MerkelCarcinoma;1
G11;AACAACCG;MerkelCarcinoma;1
G12;GTAAGCAC;HealthyKeratinocytes;1
G13;ACCTCAGT;HealthyKeratinocytes;1
G14;GTCCTTGA;HealthyKeratinocytes;1
G15;CGTCTTCA;HealthyKeratinocytes;1
G16;CAGGTTCA;HealthyKeratinocytes;1
G17;TGCGTAAC;HealthyKeratinocytes;1
G18;CCAACACT;MerkelCarcinoma;1
G19;AACACGCT;MerkelCarcinoma;1
G20;GAGAGTAC;MerkelCarcinoma;5
G21;ACTCGATC;MerkelCarcinoma;5
G22;AGATACGG;MerkelCarcinoma;5
G23;TGAGCTGT;MerkelCarcinoma;5
G24;GTTCTTCG;MerkelCarcinoma;0
H01;CCAAGGTT;HealthyKeratinocytes;0
H02;CTCGGTAA;HealthyKeratinocytes;5
H03;ACGTATGG;HealthyKeratinocytes;5
H04;TACAGAGC;HealthyKeratinocytes;5
H05;AAGGACCA;HealthyKeratinocytes;5
H06;GCATAACG;HealthyKeratinocytes;1
H07;TATGCGGT;MerkelCarcinoma;1
H08;GATCAGAC;MerkelCarcinoma;1
H09;AAGGAAGG;MerkelCarcinoma;1
H10;CGCAACTA;MerkelCarcinoma;1
H11;AGCGTGTA;MerkelCarcinoma;1
H12;TCCGATCA;HealthyKeratinocytes;1
H13;TCTACGCA;HealthyKeratinocytes;1
H14;CAACTTGG;HealthyKeratinocytes;1
H15;TGGCTCTT;HealthyKeratinocytes;1
H16;TCAGTAGG;HealthyKeratinocytes;1
H17;CCTTCCAT;HealthyKeratinocytes;1
H18;ACAGCAAG;MerkelCarcinoma;1
H19;ATACTGGC;MerkelCarcinoma;1
H20;GAATGGCA;MerkelCarcinoma;5
H21;AACCTACG;MerkelCarcinoma;5
H22;CGGATCAA;MerkelCarcinoma;5
H23;CATACTCG;MerkelCarcinoma;5
H24;ACTGCACT;MerkelCarcinoma;0
I01;TACTGCTC;HealthyKeratinocytes;0
I02;ATTCCGCT;HealthyKeratinocytes;5
I03;GACGAACT;HealthyKeratinocytes;5
I04;AAGCTCAC;HealthyKeratinocytes;5
I05;CTTCGCAA;HealthyKeratinocytes;5
I06;TGATCACG;HealthyKeratinocytes;1
I07;ATGGCGAT;MerkelCarcinoma;1
I08;CAATGCGA;MerkelCarcinoma;1
I09;ACATGCCA;MerkelCarcinoma;1
I10;ATGCGTCA;MerkelCarcinoma;1
I11;GTCAACAG;MerkelCarcinoma;1
I12;TACATCGG;HealthyKeratinocytes;1
I13;GTGGTATG;HealthyKeratinocytes;1
I14;ACTGCGAA;HealthyKeratinocytes;1
I15;CCAACTTC;HealthyKeratinocytes;1
I16;TCTGTCGT;HealthyKeratinocytes;1
I17;GACGTCAT;HealthyKeratinocytes;1
I18;CTCAAGCT;MerkelCarcinoma;1
I19;ACGTCCAA;MerkelCarcinoma;1
I20;AACCACTC;MerkelCarcinoma;5
I21;GATCCACT;MerkelCarcinoma;5
I22;CTTACAGC;MerkelCarcinoma;5
I23;AGCCTATC;MerkelCarcinoma;5
I24;AGTCTTGG;MerkelCarcinoma;0
J01;TGCACTTG;HealthyKeratinocytes;0
J02;CCTAAGTC;HealthyKeratinocytes;10
J03;TCACTCGA;HealthyKeratinocytes;10
J04;TTCGTACG;HealthyKeratinocytes;10
J05;CACTGTAG;HealthyKeratinocytes;10
J06;TCCTGGTA;HealthyKeratinocytes;1
J07;GTACGATC;MerkelCarcinoma;1
J08;CATTGACG;MerkelCarcinoma;1
J09;TGGTGAAG;MerkelCarcinoma;1
J10;ACCTCTTC;MerkelCarcinoma;1
J11;TAGCTGAG;MerkelCarcinoma;1
J12;CATTCGTC;HealthyKeratinocytes;1
J13;AGAGCAGA;HealthyKeratinocytes;1
J14;TTCCTCCT;HealthyKeratinocytes;1
J15;CTTCGGTT;HealthyKeratinocytes;1
J16;GCTGTAAG;HealthyKeratinocytes;1
J17;ACAACAGC;HealthyKeratinocytes;1
J18;GACATCTC;MerkelCarcinoma;1
J19;AGCCGTAA;MerkelCarcinoma;1
J20;CAACCGTA;MerkelCarcinoma;10
J21;CTCTTGTC;MerkelCarcinoma;10
J22;TGCGATAG;MerkelCarcinoma;10
J23;CAGATCCT;MerkelCarcinoma;10
J24;TGGTTCGA;MerkelCarcinoma;0
K01;AGCTACCA;HealthyKeratinocytes;0
K02;CACGCAAT;HealthyKeratinocytes;10
K03;AGATTGCG;HealthyKeratinocytes;10
K04;AGCTTCAG;HealthyKeratinocytes;10
K05;CACACATC;HealthyKeratinocytes;10
K06;CCTCGTTA;HealthyKeratinocytes;1
K07;GAGCAATC;MerkelCarcinoma;1
K08;TGAGACGA;MerkelCarcinoma;1
K09;ATAGAGCG;MerkelCarcinoma;1
K10;CACAGGAA;MerkelCarcinoma;1
K11;GACCGATA;MerkelCarcinoma;1
K12;ACTCAACG;HealthyKeratinocytes;1
K13;CAGACGTT;HealthyKeratinocytes;1
K14;AAGCGACT;HealthyKeratinocytes;1
K15;CTGAACGT;HealthyKeratinocytes;1
K16;CCTACCTA;HealthyKeratinocytes;1
K17;TTGGACTG;HealthyKeratinocytes;1
K18;ATCTCCTG;MerkelCarcinoma;1
K19;GTCTGCAA;MerkelCarcinoma;1
K20;TCACGATG;MerkelCarcinoma;10
K21;CCACATTG;MerkelCarcinoma;10
K22;CCACAACA;MerkelCarcinoma;10
K23;GATGGAGT;MerkelCarcinoma;10
K24;AGGTCTGT;MerkelCarcinoma;0
L01;GATGCTAC;HealthyKeratinocytes;0
L02;AAGCGTTC;HealthyKeratinocytes;10
L03;AGGAACAC;HealthyKeratinocytes;10
L04;CGATTCTG;HealthyKeratinocytes;10
L05;ACCATCCT;HealthyKeratinocytes;10
L06;GCAACCAT;HealthyKeratinocytes;1
L07;GAACGTGA;MerkelCarcinoma;1
L08;AATCCAGC;MerkelCarcinoma;1
L09;TAGAACGC;MerkelCarcinoma;1
L10;AGTGCATC;MerkelCarcinoma;1
L11;AACCAGAG;MerkelCarcinoma;1
L12;GCATTGGT;HealthyKeratinocytes;1
L13;CGACCTAA;HealthyKeratinocytes;1
L14;CTTAGGAC;HealthyKeratinocytes;1
L15;CTCTCAGA;HealthyKeratinocytes;1
L16;ATAGTCGG;HealthyKeratinocytes;1
L17;AGGCTGAA;HealthyKeratinocytes;1
L18;GAGACCAA;MerkelCarcinoma;1
L19;ATCGGAGA;MerkelCarcinoma;1
L20;AACAAGGC;MerkelCarcinoma;10
L21;GATACCTG;MerkelCarcinoma;10
L22;CCAGTATC;MerkelCarcinoma;10
L23;TCCTGACT;MerkelCarcinoma;10
L24;CCTCGAAT;MerkelCarcinoma;0
M01;AGGTCAAC;HealthyKeratinocytes;0
M02;AGAAGGAC;HealthyKeratinocytes;10
M03;TACACACG;HealthyKeratinocytes;10
M04;GCGTATCA;HealthyKeratinocytes;10
M05;CAAGTCGT;HealthyKeratinocytes;10
M06;CAACACAG;HealthyKeratinocytes;1
M07;AGCTAGTG;MerkelCarcinoma;1
M08;TCCACGTT;MerkelCarcinoma;1
M09;CTCCTAGT;MerkelCarcinoma;1
M10;ATCGCAAC;MerkelCarcinoma;1
M11;ACTCCTAC;MerkelCarcinoma;1
M12;ACGTCGTT;HealthyKeratinocytes;1
M13;CAATCAGG;HealthyKeratinocytes;1
M14;CGAATACG;HealthyKeratinocytes;1
M15;TCGTGCAT;HealthyKeratinocytes;1
M16;TGCTTGCT;HealthyKeratinocytes;1
M17;TAACGTCG;HealthyKeratinocytes;1
M18;CTCGAACA;MerkelCarcinoma;1
M19;AAGGCGTA;MerkelCarcinoma;1
M20;ACATGGAG;MerkelCarcinoma;10
M21;TCTTACGG;MerkelCarcinoma;10
M22;ACAAGACG;MerkelCarcinoma;10
M23;CGTGTGAT;MerkelCarcinoma;10
M24;CGCCTTAT;MerkelCarcinoma;0
N01;TCAGCCTT;HealthyKeratinocytes;0
N02;CAACTGAC;HealthyKeratinocytes;1
N03;AAGCATCG;HealthyKeratinocytes;1
N04;TGCTCTAC;HealthyKeratinocytes;1
N05;GCCAATAC;HealthyKeratinocytes;1
N06;CATCACGT;HealthyKeratinocytes;1
N07;GACACAGT;MerkelCarcinoma;1
N08;GCCACTTA;MerkelCarcinoma;1
N09;AAGAGGCA;MerkelCarcinoma;1
N10;GCTTCACA;MerkelCarcinoma;1
N11;GAAGACTG;MerkelCarcinoma;1
N12;ACCGAATG;HealthyKeratinocytes;1
N13;CCGTTATG;HealthyKeratinocytes;1
N14;CTCACCAA;HealthyKeratinocytes;1
N15;CTAGCAGT;HealthyKeratinocytes;1
N16;CAGAACTG;HealthyKeratinocytes;1
N17;GCCAGAAT;HealthyKeratinocytes;1
N18;AGAAGCCT;MerkelCarcinoma;1
N19;CGAGAGAA;MerkelCarcinoma;1
N20;CACGATTC;MerkelCarcinoma;1
N21;AACTCGGA;MerkelCarcinoma;1
N22;AAGCTGGT;MerkelCarcinoma;1
N23;ACAGTTCG;MerkelCarcinoma;1
N24;GCAATGAG;MerkelCarcinoma;0
O01;AACAGGTG;HealthyKeratinocytes;0
O02;AGCAGACA;HealthyKeratinocytes;1
O03;AGTCGAAG;HealthyKeratinocytes;1
O04;GTTAAGCG;HealthyKeratinocytes;1
O05;TGGAAGCA;HealthyKeratinocytes;1
O06;CATGGATC;HealthyKeratinocytes;1
O07;CTCGTTCT;MerkelCarcinoma;1
O08;ACAGAGGT;MerkelCarcinoma;1
O09;ACGAGAAC;MerkelCarcinoma;1
O10;TAAGTGGC;MerkelCarcinoma;1
O11;AAGCCTGA;MerkelCarcinoma;1
O12;AGTCAGGT;HealthyKeratinocytes;1
O13;CTACAAGG;HealthyKeratinocytes;1
O14;GCCTTAAC;HealthyKeratinocytes;1
O15;CGATGTTC;HealthyKeratinocytes;1
O16;GTTGGCAT;HealthyKeratinocytes;1
O17;ACCGGTTA;HealthyKeratinocytes;1
O18;CAACCTCT;MerkelCarcinoma;1
O19;GAACGGTT;MerkelCarcinoma;1
O20;TGGATGGT;MerkelCarcinoma;1
O21;CTGTACCA;MerkelCarcinoma;1
O22;CTATCCAC;MerkelCarcinoma;1
O23;GCGCATAT;MerkelCarcinoma;1
O24;GATCTCAG;MerkelCarcinoma;0
P01;TGACCGTT;HealthyKeratinocytes;0
P02;CTCTATCG;HealthyKeratinocytes;0
P03;CATCTGCT;HealthyKeratinocytes;0
P04;ACTCTCCA;HealthyKeratinocytes;0
P05;CGCTGATA;HealthyKeratinocytes;0
P06;CAGCATAC;HealthyKeratinocytes;0
P07;TCGTCTGA;MerkelCarcinoma;0
P08;TACTCCAG;MerkelCarcinoma;0
P09;CACATGGT;MerkelCarcinoma;0
P10;GAGGCATT;MerkelCarcinoma;0
P11;CGAGTTAG;MerkelCarcinoma;0
P12;ACACCTCA;HealthyKeratinocytes;0
P13;AGCTAAGC;HealthyKeratinocytes;0
P14;CGCAATGT;HealthyKeratinocytes;0
P15;GTTCCATG;HealthyKeratinocytes;0
P16;CCTAGAGA;HealthyKeratinocytes;0
P17;GCATCCTA;HealthyKeratinocytes;0
P18;TACTAGCG;MerkelCarcinoma;0
P19;CCATGAAC;MerkelCarcinoma;0
P20;CGTCCATT;MerkelCarcinoma;0
P21;ATCCACGA;MerkelCarcinoma;0
P22;TCGCTATC;MerkelCarcinoma;0
P23;GAGAAGGT;MerkelCarcinoma;0
P24;AATGGTCG;MerkelCarcinoma;0
